{
  "Name": "Rhythm Pattern Explorer",
  "Version": "1.0.0",
  "Factory Info": {
    "Vendor": "Rhythm Pattern Explorer",
    "URL": "https://github.com/enkerli/rhythm_pattern_explorer",
    "E-Mail": "support@rhythmpatternexplorer.com",
    "Flags": {
      "Unicode": true,
      "Classes Discardable": false,
      "Component Non Discardable": false,
    },
  },
  "Classes": [
    {
      "CID": "ABCDEF019182FAEB5268507452685078",
      "Category": "Audio Module Class",
      "Name": "Rhythm Pattern Explorer",
      "Vendor": "Rhythm Pattern Explorer",
      "Version": "1.0.0",
      "SDKVersion": "VST 3.7.11",
      "Sub Categories": [
        "Fx",
      ],
      "Class Flags": 0,
      "Cardinality": 2147483647,
      "Snapshots": [
      ],
    },
    {
      "CID": "ABCDEF011234ABCD5268507452685078",
      "Category": "Component Controller Class",
      "Name": "Rhythm Pattern Explorer",
      "Vendor": "Rhythm Pattern Explorer",
      "Version": "1.0.0",
      "SDKVersion": "VST 3.7.11",
      "Sub Categories": [
        "Fx",
      ],
      "Class Flags": 0,
      "Cardinality": 2147483647,
      "Snapshots": [
      ],
    },
    {
      "CID": "ABCDEF01C0DEF00D5268507452685078",
      "Category": "Plugin Compatibility Class",
      "Name": "Rhythm Pattern Explorer",
      "Vendor": "Rhythm Pattern Explorer",
      "Version": "1.0.0",
      "SDKVersion": "VST 3.7.11",
      "Class Flags": 0,
      "Cardinality": 2147483647,
      "Snapshots": [
      ],
    },
  ],
}